{"epoch": [0, 1, 2, 3, 4, 5, 6, 7, 8, 9, 10, 11, 12, 13, 14, 15, 16, 17, 18, 19, 20, 21, 22, 23, 24, 25, 26, 27, 28, 29, 30, 31, 32, 33, 34, 35, 36, 37, 38, 39, 40], "generator_loss": [0.017503051087260246, -0.030924974009394646, -0.003306277794763446, -0.022038331255316734, -0.015614795498549938, 0.03416881710290909, 0.02268024906516075, -0.086008220911026, -0.00465918704867363, 0.043576449155807495, 0.007704731076955795, 0.01661078631877899, 0.02654343843460083, 0.056439779698848724, 0.021093491464853287, 0.04946994036436081, 0.04143068939447403, -0.008697218261659145, 0.046450186520814896, 0.06428041309118271, 0.6372759938240051, 0.02572569251060486, -0.04990299046039581, 0.051380258053541183, -0.01835138350725174, 0.01970335841178894, 0.014848084188997746, 0.00771323312073946, 0.0144768375903368, 0.0392061285674572, 0.23687511682510376, 0.06454820930957794, 0.008691835217177868, 0.058690253645181656, -0.054306499660015106, -0.009983821772038937, -0.023121029138565063, 0.03793836757540703, 0.008226700127124786, -0.0020802898798137903, -0.003581542056053877], "critic_loss": [2.402683973312378, 10.93955135345459, -0.0019140848889946938, 2.3019073009490967, 0.8616787195205688, 0.8738007545471191, 0.01632356271147728, 1.2328227758407593, 0.08835449814796448, -0.04746479541063309, 0.16421210765838623, 1.1476002931594849, -0.020814014598727226, 0.457271546125412, 0.0017687613144516945, -0.011454744264483452, 0.07285670191049576, 0.32968631386756897, -0.01855754666030407, 0.23615269362926483, -0.14593854546546936, 0.14283119142055511, 0.018837738782167435, 0.09384987503290176, 0.6239811778068542, -0.027263011783361435, -0.0007230378687381744, 0.04626791179180145, 2.1026713848114014, 0.263785719871521, -0.14253419637680054, 0.10557221621274948, 0.2624305486679077, 0.03518405556678772, 0.054993677884340286, 0.09878183901309967, 0.0400409959256649, 0.05422630161046982, -0.006181744858622551, 0.018932588398456573, 0.06966032087802887]}